Step,AgentID,Wealth
0,0,1
0,1,1
0,2,1
0,3,1
0,4,1
0,5,1
0,6,1
0,7,1
0,8,1
0,9,1
0,10,1
0,11,1
0,12,1
0,13,1
0,14,1
0,15,1
0,16,1
0,17,1
0,18,1
0,19,1
0,20,1
0,21,1
0,22,1
0,23,1
0,24,1
0,25,1
0,26,1
0,27,1
0,28,1
0,29,1
0,30,1
0,31,1
0,32,1
0,33,1
0,34,1
0,35,1
0,36,1
0,37,1
0,38,1
0,39,1
0,40,1
0,41,1
0,42,1
0,43,1
0,44,1
0,45,1
0,46,1
0,47,1
0,48,1
0,49,1
1,0,1
1,1,1
1,2,0
1,3,1
1,4,2
1,5,1
1,6,1
1,7,1
1,8,1
1,9,1
1,10,1
1,11,1
1,12,1
1,13,0
1,14,1
1,15,1
1,16,0
1,17,2
1,18,1
1,19,1
1,20,1
1,21,1
1,22,1
1,23,0
1,24,1
1,25,2
1,26,1
1,27,1
1,28,0
1,29,0
1,30,1
1,31,0
1,32,1
1,33,1
1,34,1
1,35,2
1,36,1
1,37,1
1,38,0
1,39,1
1,40,1
1,41,2
1,42,1
1,43,1
1,44,1
1,45,1
1,46,2
1,47,0
1,48,2
1,49,3
2,0,1
2,1,0
2,2,0
2,3,1
2,4,2
2,5,1
2,6,1
2,7,1
2,8,0
2,9,1
2,10,2
2,11,1
2,12,1
2,13,1
2,14,0
2,15,1
2,16,0
2,17,1
2,18,3
2,19,0
2,20,1
2,21,1
2,22,2
2,23,1
2,24,1
2,25,2
2,26,1
2,27,1
2,28,1
2,29,0
2,30,0
2,31,0
2,32,1
2,33,0
2,34,1
2,35,1
2,36,1
2,37,1
2,38,1
2,39,1
2,40,1
2,41,2
2,42,2
2,43,0
2,44,1
2,45,1
2,46,2
2,47,0
2,48,2
2,49,3
3,0,2
3,1,0
3,2,0
3,3,1
3,4,2
3,5,1
3,6,1
3,7,1
3,8,0
3,9,1
3,10,2
3,11,1
3,12,1
3,13,1
3,14,0
3,15,1
3,16,0
3,17,1
3,18,3
3,19,1
3,20,1
3,21,2
3,22,2
3,23,0
3,24,1
3,25,1
3,26,1
3,27,1
3,28,1
3,29,0
3,30,0
3,31,0
3,32,1
3,33,0
3,34,1
3,35,1
3,36,1
3,37,1
3,38,2
3,39,2
3,40,1
3,41,1
3,42,1
3,43,0
3,44,1
3,45,1
3,46,2
3,47,0
3,48,1
3,49,3
4,0,1
4,1,0
4,2,0
4,3,1
4,4,2
4,5,0
4,6,0
4,7,1
4,8,1
4,9,1
4,10,1
4,11,1
4,12,1
4,13,1
4,14,0
4,15,2
4,16,0
4,17,1
4,18,3
4,19,1
4,20,2
4,21,2
4,22,1
4,23,0
4,24,1
4,25,1
4,26,1
4,27,0
4,28,2
4,29,0
4,30,1
4,31,0
4,32,1
4,33,1
4,34,0
4,35,1
4,36,1
4,37,1
4,38,1
4,39,3
4,40,1
4,41,1
4,42,2
4,43,1
4,44,0
4,45,1
4,46,2
4,47,0
4,48,1
4,49,3
5,0,1
5,1,0
5,2,0
5,3,1
5,4,3
5,5,0
5,6,0
5,7,1
5,8,1
5,9,2
5,10,1
5,11,1
5,12,2
5,13,1
5,14,0
5,15,2
5,16,0
5,17,2
5,18,4
5,19,1
5,20,1
5,21,2
5,22,1
5,23,0
5,24,1
5,25,1
5,26,1
5,27,0
5,28,2
5,29,0
5,30,1
5,31,0
5,32,1
5,33,1
5,34,0
5,35,1
5,36,1
5,37,1
5,38,0
5,39,3
5,40,1
5,41,0
5,42,2
5,43,1
5,44,0
5,45,1
5,46,2
5,47,0
5,48,0
5,49,2
6,0,1
6,1,0
6,2,0
6,3,1
6,4,2
6,5,0
6,6,0
6,7,1
6,8,1
6,9,2
6,10,1
6,11,1
6,12,2
6,13,1
6,14,0
6,15,2
6,16,1
6,17,3
6,18,4
6,19,1
6,20,1
6,21,1
6,22,1
6,23,0
6,24,1
6,25,2
6,26,0
6,27,0
6,28,3
6,29,0
6,30,1
6,31,0
6,32,0
6,33,1
6,34,0
6,35,1
6,36,1
6,37,1
6,38,0
6,39,3
6,40,1
6,41,0
6,42,2
6,43,0
6,44,0
6,45,2
6,46,2
6,47,0
6,48,0
6,49,2
7,0,1
7,1,1
7,2,1
7,3,1
7,4,2
7,5,0
7,6,0
7,7,1
7,8,1
7,9,2
7,10,1
7,11,0
7,12,2
7,13,0
7,14,0
7,15,1
7,16,1
7,17,4
7,18,4
7,19,1
7,20,0
7,21,0
7,22,1
7,23,0
7,24,1
7,25,2
7,26,0
7,27,0
7,28,4
7,29,0
7,30,1
7,31,0
7,32,0
7,33,1
7,34,1
7,35,1
7,36,1
7,37,1
7,38,0
7,39,2
7,40,0
7,41,0
7,42,3
7,43,0
7,44,0
7,45,2
7,46,2
7,47,0
7,48,1
7,49,2
8,0,1
8,1,1
8,2,1
8,3,1
8,4,2
8,5,0
8,6,0
8,7,1
8,8,1
8,9,2
8,10,1
8,11,0
8,12,2
8,13,0
8,14,0
8,15,1
8,16,1
8,17,4
8,18,4
8,19,1
8,20,0
8,21,0
8,22,1
8,23,0
8,24,1
8,25,2
8,26,0
8,27,0
8,28,4
8,29,0
8,30,1
8,31,0
8,32,0
8,33,1
8,34,1
8,35,1
8,36,1
8,37,1
8,38,0
8,39,2
8,40,0
8,41,1
8,42,2
8,43,0
8,44,0
8,45,2
8,46,2
8,47,0
8,48,1
8,49,2
9,0,1
9,1,2
9,2,0
9,3,1
9,4,1
9,5,2
9,6,0
9,7,1
9,8,1
9,9,2
9,10,1
9,11,0
9,12,2
9,13,0
9,14,0
9,15,0
9,16,1
9,17,3
9,18,4
9,19,2
9,20,0
9,21,0
9,22,1
9,23,0
9,24,0
9,25,2
9,26,0
9,27,0
9,28,3
9,29,1
9,30,0
9,31,0
9,32,0
9,33,1
9,34,2
9,35,2
9,36,1
9,37,1
9,38,0
9,39,1
9,40,0
9,41,1
9,42,3
9,43,0
9,44,0
9,45,2
9,46,2
9,47,0
9,48,1
9,49,2
10,0,1
10,1,1
10,2,0
10,3,1
10,4,1
10,5,2
10,6,0
10,7,0
10,8,2
10,9,2
10,10,1
10,11,0
10,12,2
10,13,0
10,14,1
10,15,0
10,16,1
10,17,2
10,18,4
10,19,2
10,20,0
10,21,0
10,22,1
10,23,1
10,24,0
10,25,2
10,26,0
10,27,0
10,28,3
10,29,2
10,30,0
10,31,0
10,32,0
10,33,1
10,34,1
10,35,2
10,36,1
10,37,1
10,38,0
10,39,1
10,40,0
10,41,1
10,42,3
10,43,0
10,44,0
10,45,3
10,46,2
10,47,0
10,48,1
10,49,1
11,0,0
11,1,1
11,2,0
11,3,1
11,4,1
11,5,1
11,6,0
11,7,0
11,8,1
11,9,2
11,10,1
11,11,0
11,12,2
11,13,1
11,14,0
11,15,1
11,16,1
11,17,2
11,18,5
11,19,2
11,20,1
11,21,0
11,22,1
11,23,1
11,24,0
11,25,2
11,26,0
11,27,0
11,28,3
11,29,1
11,30,0
11,31,0
11,32,0
11,33,1
11,34,1
11,35,2
11,36,1
11,37,1
11,38,0
11,39,1
11,40,0
11,41,2
11,42,2
11,43,0
11,44,0
11,45,3
11,46,2
11,47,0
11,48,1
11,49,2
12,0,0
12,1,0
12,2,0
12,3,1
12,4,2
12,5,1
12,6,0
12,7,0
12,8,0
12,9,2
12,10,1
12,11,0
12,12,2
12,13,1
12,14,0
12,15,2
12,16,1
12,17,2
12,18,6
12,19,2
12,20,0
12,21,0
12,22,1
12,23,1
12,24,0
12,25,2
12,26,0
12,27,0
12,28,3
12,29,0
12,30,0
12,31,0
12,32,0
12,33,1
12,34,0
12,35,2
12,36,1
12,37,1
12,38,0
12,39,1
12,40,0
12,41,2
12,42,2
12,43,1
12,44,0
12,45,3
12,46,2
12,47,1
12,48,1
12,49,2
13,0,0
13,1,0
13,2,0
13,3,1
13,4,2
13,5,1
13,6,0
13,7,0
13,8,0
13,9,3
13,10,1
13,11,0
13,12,1
13,13,1
13,14,0
13,15,2
13,16,1
13,17,2
13,18,5
13,19,2
13,20,0
13,21,0
13,22,1
13,23,1
13,24,0
13,25,2
13,26,0
13,27,0
13,28,3
13,29,1
13,30,0
13,31,0
13,32,0
13,33,1
13,34,0
13,35,2
13,36,1
13,37,1
13,38,0
13,39,1
13,40,0
13,41,3
13,42,2
13,43,2
13,44,0
13,45,3
13,46,2
13,47,0
13,48,0
13,49,2
14,0,0
14,1,1
14,2,0
14,3,1
14,4,2
14,5,1
14,6,0
14,7,0
14,8,0
14,9,3
14,10,1
14,11,1
14,12,0
14,13,1
14,14,0
14,15,2
14,16,1
14,17,2
14,18,4
14,19,2
14,20,0
14,21,0
14,22,1
14,23,1
14,24,0
14,25,2
14,26,0
14,27,0
14,28,3
14,29,1
14,30,1
14,31,0
14,32,0
14,33,1
14,34,0
14,35,2
14,36,1
14,37,1
14,38,0
14,39,1
14,40,0
14,41,3
14,42,2
14,43,1
14,44,0
14,45,3
14,46,2
14,47,0
14,48,0
14,49,2
15,0,0
15,1,1
15,2,0
15,3,1
15,4,2
15,5,1
15,6,0
15,7,0
15,8,0
15,9,3
15,10,1
15,11,1
15,12,0
15,13,1
15,14,0
15,15,2
15,16,1
15,17,2
15,18,4
15,19,2
15,20,0
15,21,1
15,22,1
15,23,1
15,24,0
15,25,2
15,26,0
15,27,1
15,28,3
15,29,1
15,30,1
15,31,0
15,32,0
15,33,1
15,34,0
15,35,2
15,36,1
15,37,0
15,38,0
15,39,1
15,40,0
15,41,3
15,42,2
15,43,1
15,44,0
15,45,3
15,46,1
15,47,0
15,48,0
15,49,2
16,0,0
16,1,1
16,2,0
16,3,1
16,4,2
16,5,1
16,6,0
16,7,0
16,8,0
16,9,3
16,10,1
16,11,1
16,12,0
16,13,1
16,14,0
16,15,1
16,16,0
16,17,1
16,18,4
16,19,2
16,20,1
16,21,1
16,22,0
16,23,1
16,24,0
16,25,3
16,26,0
16,27,1
16,28,3
16,29,1
16,30,2
16,31,0
16,32,0
16,33,0
16,34,0
16,35,2
16,36,1
16,37,0
16,38,0
16,39,1
16,40,1
16,41,3
16,42,1
16,43,2
16,44,0
16,45,2
16,46,1
16,47,1
16,48,1
16,49,2
17,0,0
17,1,1
17,2,0
17,3,1
17,4,2
17,5,1
17,6,1
17,7,0
17,8,0
17,9,3
17,10,1
17,11,1
17,12,0
17,13,0
17,14,0
17,15,1
17,16,1
17,17,1
17,18,4
17,19,2
17,20,0
17,21,2
17,22,0
17,23,1
17,24,0
17,25,3
17,26,0
17,27,2
17,28,3
17,29,1
17,30,2
17,31,0
17,32,0
17,33,0
17,34,0
17,35,2
17,36,0
17,37,0
17,38,0
17,39,1
17,40,1
17,41,2
17,42,1
17,43,3
17,44,0
17,45,1
17,46,1
17,47,1
17,48,1
17,49,2
18,0,0
18,1,1
18,2,0
18,3,1
18,4,2
18,5,1
18,6,0
18,7,0
18,8,0
18,9,3
18,10,1
18,11,1
18,12,0
18,13,0
18,14,0
18,15,2
18,16,0
18,17,1
18,18,4
18,19,3
18,20,0
18,21,2
18,22,0
18,23,2
18,24,0
18,25,3
18,26,0
18,27,1
18,28,3
18,29,1
18,30,2
18,31,0
18,32,0
18,33,0
18,34,1
18,35,2
18,36,0
18,37,0
18,38,0
18,39,1
18,40,1
18,41,2
18,42,2
18,43,2
18,44,0
18,45,1
18,46,0
18,47,1
18,48,1
18,49,2
19,0,0
19,1,1
19,2,0
19,3,1
19,4,2
19,5,1
19,6,0
19,7,0
19,8,0
19,9,3
19,10,1
19,11,0
19,12,0
19,13,0
19,14,0
19,15,3
19,16,0
19,17,1
19,18,3
19,19,3
19,20,0
19,21,2
19,22,1
19,23,3
19,24,0
19,25,3
19,26,0
19,27,1
19,28,3
19,29,1
19,30,2
19,31,0
19,32,0
19,33,1
19,34,1
19,35,1
19,36,0
19,37,0
19,38,1
19,39,1
19,40,0
19,41,3
19,42,2
19,43,1
19,44,1
19,45,1
19,46,0
19,47,0
19,48,0
19,49,2
20,0,0
20,1,0
20,2,0
20,3,1
20,4,1
20,5,2
20,6,0
20,7,0
20,8,0
20,9,3
20,10,2
20,11,0
20,12,0
20,13,0
20,14,0
20,15,2
20,16,1
20,17,1
20,18,3
20,19,3
20,20,0
20,21,1
20,22,1
20,23,3
20,24,1
20,25,2
20,26,0
20,27,1
20,28,3
20,29,1
20,30,1
20,31,1
20,32,0
20,33,1
20,34,1
20,35,0
20,36,0
20,37,0
20,38,1
20,39,0
20,40,0
20,41,3
20,42,2
20,43,1
20,44,1
20,45,1
20,46,1
20,47,0
20,48,1
20,49,3
21,0,0
21,1,0
21,2,0
21,3,1
21,4,2
21,5,2
21,6,0
21,7,0
21,8,0
21,9,3
21,10,1
21,11,0
21,12,0
21,13,0
21,14,0
21,15,2
21,16,0
21,17,2
21,18,3
21,19,2
21,20,1
21,21,2
21,22,0
21,23,3
21,24,2
21,25,3
21,26,0
21,27,1
21,28,4
21,29,1
21,30,1
21,31,0
21,32,1
21,33,1
21,34,1
21,35,0
21,36,0
21,37,0
21,38,0
21,39,0
21,40,0
21,41,3
21,42,2
21,43,1
21,44,0
21,45,1
21,46,1
21,47,0
21,48,1
21,49,2
22,0,0
22,1,0
22,2,0
22,3,0
22,4,2
22,5,2
22,6,0
22,7,0
22,8,0
22,9,3
22,10,2
22,11,0
22,12,0
22,13,0
22,14,0
22,15,2
22,16,0
22,17,1
22,18,3
22,19,2
22,20,1
22,21,2
22,22,0
22,23,3
22,24,2
22,25,3
22,26,0
22,27,2
22,28,4
22,29,0
22,30,1
22,31,1
22,32,1
22,33,1
22,34,1
22,35,0
22,36,0
22,37,0
22,38,0
22,39,0
22,40,1
22,41,3
22,42,1
22,43,1
22,44,0
22,45,1
22,46,1
22,47,0
22,48,0
22,49,3
23,0,0
23,1,0
23,2,0
23,3,0
23,4,2
23,5,2
23,6,0
23,7,0
23,8,0
23,9,3
23,10,3
23,11,0
23,12,1
23,13,0
23,14,0
23,15,2
23,16,0
23,17,0
23,18,3
23,19,2
23,20,1
23,21,1
23,22,0
23,23,4
23,24,2
23,25,2
23,26,0
23,27,1
23,28,3
23,29,0
23,30,1
23,31,1
23,32,2
23,33,1
23,34,1
23,35,0
23,36,0
23,37,0
23,38,1
23,39,0
23,40,1
23,41,4
23,42,0
23,43,2
23,44,0
23,45,1
23,46,1
23,47,0
23,48,0
23,49,2
24,0,0
24,1,0
24,2,0
24,3,0
24,4,2
24,5,2
24,6,0
24,7,0
24,8,0
24,9,3
24,10,3
24,11,0
24,12,1
24,13,0
24,14,0
24,15,1
24,16,0
24,17,0
24,18,3
24,19,2
24,20,1
24,21,1
24,22,0
24,23,4
24,24,1
24,25,2
24,26,0
24,27,1
24,28,3
24,29,0
24,30,2
24,31,1
24,32,2
24,33,1
24,34,1
24,35,0
24,36,0
24,37,0
24,38,1
24,39,0
24,40,1
24,41,4
24,42,0
24,43,3
24,44,0
24,45,1
24,46,1
24,47,0
24,48,0
24,49,2
25,0,0
25,1,0
25,2,0
25,3,0
25,4,1
25,5,2
25,6,0
25,7,0
25,8,0
25,9,3
25,10,3
25,11,0
25,12,1
25,13,0
25,14,1
25,15,1
25,16,1
25,17,1
25,18,3
25,19,2
25,20,1
25,21,1
25,22,0
25,23,4
25,24,1
25,25,3
25,26,0
25,27,1
25,28,3
25,29,0
25,30,1
25,31,0
25,32,2
25,33,1
25,34,0
25,35,0
25,36,0
25,37,0
25,38,1
25,39,0
25,40,1
25,41,4
25,42,0
25,43,2
25,44,0
25,45,1
25,46,2
25,47,0
25,48,0
25,49,2
26,0,1
26,1,0
26,2,0
26,3,2
26,4,0
26,5,2
26,6,0
26,7,0
26,8,0
26,9,3
26,10,2
26,11,0
26,12,1
26,13,0
26,14,0
26,15,1
26,16,1
26,17,2
26,18,3
26,19,2
26,20,1
26,21,0
26,22,0
26,23,4
26,24,2
26,25,3
26,26,0
26,27,1
26,28,2
26,29,0
26,30,0
26,31,0
26,32,2
26,33,1
26,34,0
26,35,1
26,36,0
26,37,0
26,38,1
26,39,0
26,40,1
26,41,5
26,42,0
26,43,2
26,44,0
26,45,0
26,46,1
26,47,0
26,48,1
26,49,2
27,0,1
27,1,0
27,2,0
27,3,2
27,4,0
27,5,1
27,6,0
27,7,0
27,8,0
27,9,3
27,10,1
27,11,0
27,12,1
27,13,0
27,14,0
27,15,1
27,16,2
27,17,2
27,18,4
27,19,2
27,20,2
27,21,0
27,22,0
27,23,4
27,24,1
27,25,3
27,26,0
27,27,1
27,28,2
27,29,0
27,30,0
27,31,0
27,32,2
27,33,1
27,34,0
27,35,0
27,36,0
27,37,0
27,38,1
27,39,0
27,40,2
27,41,5
27,42,0
27,43,2
27,44,0
27,45,0
27,46,0
27,47,1
27,48,1
27,49,2
28,0,2
28,1,0
28,2,0
28,3,3
28,4,0
28,5,1
28,6,0
28,7,0
28,8,0
28,9,3
28,10,0
28,11,1
28,12,1
28,13,0
28,14,0
28,15,1
28,16,2
28,17,3
28,18,4
28,19,1
28,20,2
28,21,0
28,22,0
28,23,4
28,24,1
28,25,2
28,26,0
28,27,1
28,28,2
28,29,0
28,30,0
28,31,0
28,32,2
28,33,1
28,34,0
28,35,0
28,36,0
28,37,0
28,38,0
28,39,0
28,40,2
28,41,5
28,42,0
28,43,2
28,44,0
28,45,0
28,46,0
28,47,1
28,48,1
28,49,2
29,0,2
29,1,0
29,2,0
29,3,3
29,4,1
29,5,1
29,6,0
29,7,0
29,8,0
29,9,3
29,10,0
29,11,1
29,12,2
29,13,0
29,14,0
29,15,1
29,16,2
29,17,2
29,18,4
29,19,1
29,20,3
29,21,0
29,22,0
29,23,4
29,24,0
29,25,2
29,26,0
29,27,1
29,28,1
29,29,0
29,30,1
29,31,0
29,32,2
29,33,1
29,34,0
29,35,0
29,36,0
29,37,1
29,38,0
29,39,0
29,40,1
29,41,5
29,42,0
29,43,1
29,44,1
29,45,0
29,46,0
29,47,0
29,48,1
29,49,2
30,0,2
30,1,0
30,2,0
30,3,3
30,4,0
30,5,1
30,6,1
30,7,0
30,8,0
30,9,2
30,10,0
30,11,1
30,12,2
30,13,0
30,14,0
30,15,0
30,16,2
30,17,1
30,18,4
30,19,1
30,20,3
30,21,0
30,22,1
30,23,4
30,24,0
30,25,2
30,26,0
30,27,1
30,28,1
30,29,0
30,30,1
30,31,0
30,32,2
30,33,1
30,34,0
30,35,0
30,36,0
30,37,1
30,38,0
30,39,1
30,40,1
30,41,6
30,42,0
30,43,1
30,44,1
30,45,0
30,46,0
30,47,0
30,48,1
30,49,2
31,0,2
31,1,1
31,2,0
31,3,2
31,4,0
31,5,1
31,6,0
31,7,0
31,8,0
31,9,2
31,10,0
31,11,2
31,12,2
31,13,0
31,14,0
31,15,0
31,16,1
31,17,1
31,18,5
31,19,1
31,20,2
31,21,0
31,22,1
31,23,4
31,24,1
31,25,2
31,26,0
31,27,0
31,28,0
31,29,1
31,30,0
31,31,0
31,32,3
31,33,2
31,34,0
31,35,0
31,36,0
31,37,1
31,38,0
31,39,1
31,40,1
31,41,6
31,42,0
31,43,1
31,44,1
31,45,0
31,46,0
31,47,0
31,48,1
31,49,2
32,0,2
32,1,1
32,2,0
32,3,2
32,4,1
32,5,1
32,6,1
32,7,0
32,8,1
32,9,3
32,10,0
32,11,1
32,12,1
32,13,0
32,14,0
32,15,0
32,16,1
32,17,0
32,18,5
32,19,0
32,20,2
32,21,0
32,22,1
32,23,4
32,24,0
32,25,3
32,26,0
32,27,0
32,28,0
32,29,1
32,30,1
32,31,0
32,32,3
32,33,2
32,34,0
32,35,0
32,36,0
32,37,1
32,38,0
32,39,1
32,40,2
32,41,6
32,42,0
32,43,0
32,44,0
32,45,0
32,46,0
32,47,0
32,48,1
32,49,2
33,0,2
33,1,1
33,2,0
33,3,2
33,4,1
33,5,1
33,6,1
33,7,1
33,8,1
33,9,3
33,10,0
33,11,1
33,12,0
33,13,1
33,14,0
33,15,0
33,16,1
33,17,0
33,18,5
33,19,0
33,20,3
33,21,0
33,22,1
33,23,4
33,24,0
33,25,3
33,26,0
33,27,0
33,28,0
33,29,1
33,30,1
33,31,0
33,32,3
33,33,2
33,34,0
33,35,0
33,36,0
33,37,0
33,38,0
33,39,1
33,40,2
33,41,5
33,42,0
33,43,0
33,44,0
33,45,0
33,46,0
33,47,0
33,48,1
33,49,2
34,0,2
34,1,0
34,2,0
34,3,2
34,4,1
34,5,1
34,6,1
34,7,1
34,8,1
34,9,3
34,10,0
34,11,1
34,12,0
34,13,1
34,14,0
34,15,0
34,16,1
34,17,1
34,18,5
34,19,0
34,20,3
34,21,0
34,22,1
34,23,4
34,24,0
34,25,3
34,26,0
34,27,0
34,28,0
34,29,1
34,30,1
34,31,0
34,32,3
34,33,3
34,34,0
34,35,0
34,36,0
34,37,0
34,38,0
34,39,0
34,40,2
34,41,5
34,42,0
34,43,0
34,44,0
34,45,0
34,46,0
34,47,0
34,48,1
34,49,2
35,0,3
35,1,0
35,2,0
35,3,2
35,4,1
35,5,1
35,6,1
35,7,1
35,8,1
35,9,3
35,10,0
35,11,1
35,12,0
35,13,0
35,14,0
35,15,0
35,16,1
35,17,1
35,18,4
35,19,0
35,20,3
35,21,0
35,22,1
35,23,4
35,24,0
35,25,2
35,26,0
35,27,1
35,28,0
35,29,1
35,30,0
35,31,0
35,32,3
35,33,2
35,34,1
35,35,0
35,36,0
35,37,0
35,38,0
35,39,0
35,40,2
35,41,5
35,42,0
35,43,0
35,44,2
35,45,0
35,46,0
35,47,0
35,48,1
35,49,2
36,0,4
36,1,0
36,2,0
36,3,1
36,4,1
36,5,0
36,6,2
36,7,1
36,8,1
36,9,3
36,10,0
36,11,1
36,12,1
36,13,0
36,14,0
36,15,0
36,16,1
36,17,0
36,18,4
36,19,0
36,20,2
36,21,1
36,22,2
36,23,5
36,24,0
36,25,1
36,26,0
36,27,1
36,28,0
36,29,1
36,30,0
36,31,0
36,32,2
36,33,2
36,34,1
36,35,0
36,36,0
36,37,0
36,38,0
36,39,0
36,40,2
36,41,4
36,42,0
36,43,0
36,44,2
36,45,0
36,46,1
36,47,0
36,48,1
36,49,2
37,0,4
37,1,0
37,2,0
37,3,0
37,4,1
37,5,0
37,6,1
37,7,2
37,8,1
37,9,3
37,10,0
37,11,1
37,12,1
37,13,0
37,14,0
37,15,1
37,16,1
37,17,1
37,18,4
37,19,0
37,20,2
37,21,1
37,22,2
37,23,5
37,24,0
37,25,1
37,26,0
37,27,2
37,28,1
37,29,1
37,30,0
37,31,0
37,32,1
37,33,2
37,34,2
37,35,0
37,36,0
37,37,0
37,38,0
37,39,0
37,40,1
37,41,3
37,42,0
37,43,0
37,44,2
37,45,0
37,46,0
37,47,0
37,48,1
37,49,2
38,0,4
38,1,0
38,2,0
38,3,0
38,4,1
38,5,0
38,6,1
38,7,2
38,8,0
38,9,3
38,10,0
38,11,2
38,12,0
38,13,0
38,14,0
38,15,1
38,16,1
38,17,1
38,18,5
38,19,1
38,20,1
38,21,0
38,22,2
38,23,5
38,24,0
38,25,1
38,26,0
38,27,2
38,28,0
38,29,1
38,30,0
38,31,0
38,32,1
38,33,2
38,34,3
38,35,0
38,36,1
38,37,0
38,38,0
38,39,0
38,40,1
38,41,3
38,42,0
38,43,0
38,44,2
38,45,0
38,46,0
38,47,0
38,48,1
38,49,2
39,0,4
39,1,0
39,2,0
39,3,0
39,4,1
39,5,0
39,6,1
39,7,2
39,8,0
39,9,3
39,10,0
39,11,2
39,12,0
39,13,0
39,14,0
39,15,1
39,16,1
39,17,0
39,18,5
39,19,1
39,20,1
39,21,1
39,22,3
39,23,5
39,24,0
39,25,0
39,26,0
39,27,2
39,28,0
39,29,1
39,30,0
39,31,1
39,32,1
39,33,2
39,34,3
39,35,0
39,36,1
39,37,0
39,38,0
39,39,1
39,40,0
39,41,3
39,42,0
39,43,0
39,44,1
39,45,0
39,46,0
39,47,0
39,48,1
39,49,2
40,0,3
40,1,0
40,2,0
40,3,0
40,4,2
40,5,0
40,6,1
40,7,2
40,8,0
40,9,3
40,10,0
40,11,2
40,12,0
40,13,0
40,14,0
40,15,1
40,16,1
40,17,0
40,18,4
40,19,1
40,20,1
40,21,1
40,22,3
40,23,5
40,24,0
40,25,0
40,26,0
40,27,2
40,28,0
40,29,1
40,30,0
40,31,0
40,32,1
40,33,1
40,34,3
40,35,1
40,36,1
40,37,0
40,38,1
40,39,1
40,40,0
40,41,3
40,42,0
40,43,0
40,44,1
40,45,1
40,46,0
40,47,0
40,48,1
40,49,2
41,0,3
41,1,0
41,2,0
41,3,1
41,4,1
41,5,0
41,6,1
41,7,2
41,8,0
41,9,3
41,10,1
41,11,1
41,12,1
41,13,0
41,14,0
41,15,2
41,16,0
41,17,0
41,18,4
41,19,1
41,20,1
41,21,1
41,22,3
41,23,6
41,24,0
41,25,0
41,26,0
41,27,1
41,28,0
41,29,1
41,30,0
41,31,0
41,32,1
41,33,1
41,34,3
41,35,1
41,36,0
41,37,0
41,38,1
41,39,0
41,40,1
41,41,3
41,42,1
41,43,0
41,44,0
41,45,1
41,46,0
41,47,0
41,48,1
41,49,2
42,0,3
42,1,0
42,2,0
42,3,1
42,4,1
42,5,0
42,6,1
42,7,2
42,8,0
42,9,3
42,10,0
42,11,1
42,12,1
42,13,1
42,14,0
42,15,2
42,16,0
42,17,0
42,18,4
42,19,1
42,20,0
42,21,1
42,22,3
42,23,6
42,24,0
42,25,0
42,26,0
42,27,1
42,28,0
42,29,2
42,30,0
42,31,0
42,32,2
42,33,1
42,34,3
42,35,0
42,36,0
42,37,0
42,38,1
42,39,0
42,40,1
42,41,3
42,42,1
42,43,0
42,44,0
42,45,1
42,46,0
42,47,0
42,48,2
42,49,1
43,0,3
43,1,0
43,2,0
43,3,1
43,4,1
43,5,0
43,6,1
43,7,3
43,8,1
43,9,3
43,10,0
43,11,0
43,12,1
43,13,1
43,14,0
43,15,2
43,16,0
43,17,0
43,18,4
43,19,1
43,20,0
43,21,1
43,22,2
43,23,6
43,24,0
43,25,0
43,26,0
43,27,0
43,28,0
43,29,3
43,30,0
43,31,0
43,32,1
43,33,1
43,34,3
43,35,0
43,36,0
43,37,0
43,38,1
43,39,0
43,40,0
43,41,4
43,42,1
43,43,0
43,44,0
43,45,1
43,46,1
43,47,0
43,48,2
43,49,1
44,0,3
44,1,0
44,2,0
44,3,1
44,4,1
44,5,0
44,6,0
44,7,3
44,8,0
44,9,3
44,10,0
44,11,0
44,12,0
44,13,1
44,14,0
44,15,2
44,16,0
44,17,0
44,18,3
44,19,1
44,20,0
44,21,2
44,22,2
44,23,6
44,24,0
44,25,0
44,26,1
44,27,0
44,28,0
44,29,3
44,30,0
44,31,0
44,32,0
44,33,1
44,34,4
44,35,0
44,36,0
44,37,0
44,38,2
44,39,0
44,40,0
44,41,3
44,42,1
44,43,1
44,44,0
44,45,1
44,46,1
44,47,0
44,48,2
44,49,2
45,0,3
45,1,0
45,2,1
45,3,1
45,4,1
45,5,0
45,6,0
45,7,2
45,8,0
45,9,3
45,10,0
45,11,0
45,12,0
45,13,0
45,14,0
45,15,1
45,16,0
45,17,1
45,18,3
45,19,1
45,20,0
45,21,2
45,22,2
45,23,6
45,24,0
45,25,0
45,26,1
45,27,1
45,28,0
45,29,3
45,30,0
45,31,0
45,32,0
45,33,0
45,34,4
45,35,1
45,36,0
45,37,0
45,38,1
45,39,0
45,40,1
45,41,2
45,42,1
45,43,1
45,44,0
45,45,1
45,46,1
45,47,1
45,48,2
45,49,2
46,0,3
46,1,0
46,2,0
46,3,1
46,4,1
46,5,0
46,6,0
46,7,2
46,8,0
46,9,3
46,10,0
46,11,0
46,12,0
46,13,0
46,14,0
46,15,1
46,16,0
46,17,1
46,18,2
46,19,0
46,20,0
46,21,2
46,22,2
46,23,7
46,24,0
46,25,0
46,26,1
46,27,2
46,28,1
46,29,3
46,30,0
46,31,0
46,32,0
46,33,0
46,34,4
46,35,1
46,36,0
46,37,0
46,38,1
46,39,0
46,40,1
46,41,2
46,42,1
46,43,1
46,44,0
46,45,1
46,46,1
46,47,1
46,48,2
46,49,2
47,0,3
47,1,0
47,2,0
47,3,1
47,4,1
47,5,0
47,6,0
47,7,2
47,8,0
47,9,4
47,10,0
47,11,1
47,12,0
47,13,0
47,14,0
47,15,1
47,16,0
47,17,1
47,18,1
47,19,0
47,20,0
47,21,2
47,22,3
47,23,6
47,24,1
47,25,1
47,26,1
47,27,2
47,28,1
47,29,3
47,30,0
47,31,2
47,32,0
47,33,0
47,34,4
47,35,0
47,36,0
47,37,0
47,38,0
47,39,0
47,40,1
47,41,1
47,42,1
47,43,0
47,44,0
47,45,1
47,46,1
47,47,1
47,48,1
47,49,2
48,0,3
48,1,0
48,2,0
48,3,2
48,4,0
48,5,1
48,6,0
48,7,2
48,8,0
48,9,5
48,10,0
48,11,1
48,12,2
48,13,0
48,14,1
48,15,1
48,16,0
48,17,1
48,18,0
48,19,0
48,20,0
48,21,2
48,22,2
48,23,6
48,24,0
48,25,1
48,26,1
48,27,1
48,28,1
48,29,2
48,30,0
48,31,3
48,32,0
48,33,0
48,34,4
48,35,0
48,36,0
48,37,0
48,38,0
48,39,0
48,40,1
48,41,1
48,42,1
48,43,0
48,44,0
48,45,1
48,46,1
48,47,0
48,48,1
48,49,2
49,0,3
49,1,0
49,2,0
49,3,1
49,4,0
49,5,1
49,6,0
49,7,2
49,8,0
49,9,5
49,10,1
49,11,1
49,12,1
49,13,0
49,14,1
49,15,1
49,16,0
49,17,1
49,18,0
49,19,0
49,20,1
49,21,2
49,22,2
49,23,6
49,24,0
49,25,1
49,26,1
49,27,1
49,28,1
49,29,2
49,30,0
49,31,3
49,32,0
49,33,0
49,34,4
49,35,0
49,36,0
49,37,0
49,38,0
49,39,0
49,40,1
49,41,1
49,42,1
49,43,0
49,44,0
49,45,1
49,46,1
49,47,0
49,48,1
49,49,2
50,0,3
50,1,0
50,2,0
50,3,1
50,4,0
50,5,1
50,6,0
50,7,1
50,8,0
50,9,5
50,10,1
50,11,1
50,12,1
50,13,0
50,14,1
50,15,0
50,16,0
50,17,1
50,18,0
50,19,0
50,20,1
50,21,2
50,22,2
50,23,6
50,24,0
50,25,1
50,26,1
50,27,1
50,28,2
50,29,2
50,30,0
50,31,3
50,32,0
50,33,0
50,34,4
50,35,0
50,36,0
50,37,0
50,38,1
50,39,0
50,40,1
50,41,2
50,42,1
50,43,0
50,44,0
50,45,1
50,46,0
50,47,0
50,48,1
50,49,2
51,0,3
51,1,0
51,2,0
51,3,1
51,4,0
51,5,2
51,6,0
51,7,1
51,8,0
51,9,5
51,10,2
51,11,2
51,12,0
51,13,0
51,14,1
51,15,0
51,16,0
51,17,1
51,18,0
51,19,0
51,20,1
51,21,2
51,22,2
51,23,6
51,24,0
51,25,1
51,26,1
51,27,0
51,28,2
51,29,2
51,30,0
51,31,2
51,32,0
51,33,0
51,34,4
51,35,0
51,36,0
51,37,0
51,38,1
51,39,0
51,40,1
51,41,2
51,42,1
51,43,0
51,44,0
51,45,1
51,46,0
51,47,0
51,48,1
51,49,2
52,0,3
52,1,0
52,2,0
52,3,1
52,4,0
52,5,1
52,6,0
52,7,1
52,8,1
52,9,5
52,10,2
52,11,1
52,12,0
52,13,0
52,14,1
52,15,0
52,16,0
52,17,1
52,18,0
52,19,0
52,20,2
52,21,2
52,22,2
52,23,5
52,24,0
52,25,1
52,26,1
52,27,0
52,28,2
52,29,1
52,30,0
52,31,4
52,32,2
52,33,0
52,34,3
52,35,0
52,36,0
52,37,0
52,38,1
52,39,0
52,40,0
52,41,1
52,42,1
52,43,1
52,44,0
52,45,1
52,46,0
52,47,0
52,48,1
52,49,2
53,0,2
53,1,0
53,2,0
53,3,0
53,4,0
53,5,1
53,6,0
53,7,1
53,8,2
53,9,5
53,10,2
53,11,1
53,12,0
53,13,0
53,14,1
53,15,0
53,16,0
53,17,1
53,18,0
53,19,0
53,20,1
53,21,1
53,22,1
53,23,5
53,24,0
53,25,1
53,26,1
53,27,0
53,28,2
53,29,1
53,30,1
53,31,3
53,32,2
53,33,0
53,34,2
53,35,2
53,36,0
53,37,0
53,38,1
53,39,1
53,40,1
53,41,2
53,42,1
53,43,1
53,44,0
53,45,0
53,46,0
53,47,0
53,48,1
53,49,3
54,0,2
54,1,0
54,2,0
54,3,0
54,4,0
54,5,0
54,6,0
54,7,2
54,8,2
54,9,5
54,10,3
54,11,0
54,12,0
54,13,0
54,14,1
54,15,0
54,16,0
54,17,1
54,18,0
54,19,1
54,20,0
54,21,1
54,22,1
54,23,5
54,24,0
54,25,1
54,26,1
54,27,0
54,28,1
54,29,1
54,30,1
54,31,3
54,32,2
54,33,1
54,34,2
54,35,2
54,36,0
54,37,0
54,38,1
54,39,2
54,40,0
54,41,1
54,42,1
54,43,1
54,44,0
54,45,0
54,46,0
54,47,0
54,48,1
54,49,4
55,0,2
55,1,0
55,2,0
55,3,0
55,4,0
55,5,0
55,6,0
55,7,2
55,8,1
55,9,5
55,10,3
55,11,0
55,12,0
55,13,0
55,14,1
55,15,0
55,16,0
55,17,1
55,18,0
55,19,1
55,20,0
55,21,1
55,22,1
55,23,5
55,24,0
55,25,1
55,26,1
55,27,0
55,28,1
55,29,1
55,30,1
55,31,2
55,32,2
55,33,1
55,34,2
55,35,3
55,36,0
55,37,0
55,38,1
55,39,2
55,40,0
55,41,1
55,42,0
55,43,1
55,44,0
55,45,0
55,46,0
55,47,1
55,48,1
55,49,5
56,0,1
56,1,0
56,2,0
56,3,0
56,4,0
56,5,1
56,6,0
56,7,2
56,8,1
56,9,5
56,10,3
56,11,0
56,12,0
56,13,0
56,14,1
56,15,0
56,16,0
56,17,0
56,18,0
56,19,1
56,20,0
56,21,1
56,22,2
56,23,6
56,24,0
56,25,1
56,26,0
56,27,0
56,28,0
56,29,1
56,30,1
56,31,1
56,32,2
56,33,1
56,34,2
56,35,4
56,36,0
56,37,0
56,38,1
56,39,2
56,40,0
56,41,1
56,42,1
56,43,1
56,44,0
56,45,0
56,46,0
56,47,1
56,48,1
56,49,5
57,0,1
57,1,0
57,2,0
57,3,0
57,4,0
57,5,1
57,6,0
57,7,1
57,8,1
57,9,5
57,10,3
57,11,0
57,12,0
57,13,0
57,14,1
57,15,0
57,16,0
57,17,0
57,18,0
57,19,0
57,20,0
57,21,1
57,22,2
57,23,6
57,24,0
57,25,1
57,26,0
57,27,0
57,28,0
57,29,1
57,30,1
57,31,2
57,32,2
57,33,0
57,34,2
57,35,4
57,36,0
57,37,1
57,38,1
57,39,2
57,40,1
57,41,1
57,42,1
57,43,1
57,44,0
57,45,0
57,46,0
57,47,1
57,48,1
57,49,5
58,0,1
58,1,1
58,2,0
58,3,0
58,4,0
58,5,1
58,6,0
58,7,0
58,8,1
58,9,5
58,10,2
58,11,0
58,12,0
58,13,1
58,14,1
58,15,0
58,16,0
58,17,1
58,18,0
58,19,0
58,20,0
58,21,0
58,22,3
58,23,5
58,24,0
58,25,0
58,26,0
58,27,0
58,28,0
58,29,1
58,30,1
58,31,3
58,32,2
58,33,0
58,34,3
58,35,5
58,36,0
58,37,1
58,38,1
58,39,2
58,40,1
58,41,1
58,42,0
58,43,1
58,44,0
58,45,0
58,46,0
58,47,0
58,48,1
58,49,5
59,0,1
59,1,0
59,2,0
59,3,0
59,4,0
59,5,1
59,6,0
59,7,0
59,8,0
59,9,5
59,10,1
59,11,0
59,12,0
59,13,2
59,14,1
59,15,0
59,16,0
59,17,1
59,18,0
59,19,0
59,20,0
59,21,0
59,22,2
59,23,5
59,24,2
59,25,0
59,26,0
59,27,0
59,28,0
59,29,3
59,30,1
59,31,3
59,32,2
59,33,0
59,34,2
59,35,5
59,36,0
59,37,1
59,38,0
59,39,3
59,40,1
59,41,2
59,42,0
59,43,0
59,44,0
59,45,0
59,46,0
59,47,1
59,48,1
59,49,4
60,0,1
60,1,0
60,2,0
60,3,0
60,4,0
60,5,0
60,6,0
60,7,0
60,8,0
60,9,5
60,10,1
60,11,0
60,12,0
60,13,2
60,14,1
60,15,0
60,16,0
60,17,2
60,18,0
60,19,0
60,20,0
60,21,0
60,22,2
60,23,5
60,24,2
60,25,0
60,26,0
60,27,0
60,28,0
60,29,3
60,30,1
60,31,3
60,32,2
60,33,0
60,34,2
60,35,5
60,36,0
60,37,1
60,38,0
60,39,4
60,40,0
60,41,2
60,42,0
60,43,0
60,44,0
60,45,0
60,46,0
60,47,1
60,48,1
60,49,4
61,0,1
61,1,0
61,2,0
61,3,0
61,4,0
61,5,0
61,6,0
61,7,0
61,8,0
61,9,5
61,10,1
61,11,0
61,12,0
61,13,1
61,14,1
61,15,0
61,16,0
61,17,2
61,18,0
61,19,0
61,20,1
61,21,0
61,22,2
61,23,5
61,24,3
61,25,0
61,26,0
61,27,0
61,28,0
61,29,3
61,30,1
61,31,3
61,32,2
61,33,0
61,34,1
61,35,4
61,36,1
61,37,0
61,38,0
61,39,3
61,40,0
61,41,2
61,42,1
61,43,0
61,44,0
61,45,1
61,46,0
61,47,1
61,48,1
61,49,4
62,0,1
62,1,0
62,2,1
62,3,0
62,4,0
62,5,0
62,6,0
62,7,0
62,8,0
62,9,5
62,10,1
62,11,0
62,12,0
62,13,1
62,14,1
62,15,0
62,16,0
62,17,2
62,18,0
62,19,0
62,20,1
62,21,0
62,22,2
62,23,5
62,24,4
62,25,0
62,26,0
62,27,0
62,28,0
62,29,3
62,30,1
62,31,3
62,32,2
62,33,0
62,34,1
62,35,4
62,36,1
62,37,0
62,38,0
62,39,3
62,40,0
62,41,1
62,42,1
62,43,0
62,44,0
62,45,1
62,46,0
62,47,0
62,48,1
62,49,4
63,0,1
63,1,0
63,2,1
63,3,0
63,4,0
63,5,1
63,6,0
63,7,0
63,8,0
63,9,5
63,10,0
63,11,0
63,12,0
63,13,1
63,14,1
63,15,0
63,16,0
63,17,3
63,18,0
63,19,0
63,20,1
63,21,0
63,22,2
63,23,5
63,24,3
63,25,0
63,26,0
63,27,0
63,28,0
63,29,3
63,30,1
63,31,4
63,32,2
63,33,0
63,34,1
63,35,4
63,36,1
63,37,0
63,38,0
63,39,3
63,40,0
63,41,1
63,42,1
63,43,0
63,44,0
63,45,1
63,46,0
63,47,0
63,48,1
63,49,3
64,0,1
64,1,0
64,2,0
64,3,0
64,4,0
64,5,1
64,6,0
64,7,0
64,8,0
64,9,6
64,10,1
64,11,0
64,12,1
64,13,1
64,14,1
64,15,0
64,16,0
64,17,3
64,18,0
64,19,0
64,20,0
64,21,0
64,22,2
64,23,5
64,24,2
64,25,0
64,26,0
64,27,0
64,28,0
64,29,3
64,30,1
64,31,4
64,32,2
64,33,0
64,34,1
64,35,4
64,36,1
64,37,0
64,38,0
64,39,3
64,40,0
64,41,1
64,42,1
64,43,0
64,44,0
64,45,1
64,46,0
64,47,0
64,48,1
64,49,3
65,0,1
65,1,1
65,2,0
65,3,0
65,4,0
65,5,1
65,6,0
65,7,0
65,8,0
65,9,6
65,10,1
65,11,0
65,12,0
65,13,1
65,14,2
65,15,0
65,16,0
65,17,4
65,18,0
65,19,0
65,20,0
65,21,0
65,22,1
65,23,5
65,24,1
65,25,0
65,26,0
65,27,0
65,28,1
65,29,3
65,30,1
65,31,3
65,32,2
65,33,1
65,34,1
65,35,4
65,36,0
65,37,0
65,38,0
65,39,3
65,40,0
65,41,1
65,42,0
65,43,0
65,44,0
65,45,1
65,46,0
65,47,0
65,48,1
65,49,4
66,0,1
66,1,1
66,2,0
66,3,0
66,4,0
66,5,1
66,6,0
66,7,0
66,8,0
66,9,6
66,10,1
66,11,0
66,12,0
66,13,1
66,14,2
66,15,0
66,16,1
66,17,4
66,18,1
66,19,0
66,20,0
66,21,0
66,22,1
66,23,5
66,24,0
66,25,0
66,26,0
66,27,0
66,28,2
66,29,3
66,30,1
66,31,3
66,32,1
66,33,1
66,34,1
66,35,3
66,36,0
66,37,0
66,38,0
66,39,3
66,40,0
66,41,1
66,42,0
66,43,0
66,44,0
66,45,1
66,46,0
66,47,0
66,48,1
66,49,4
67,0,1
67,1,1
67,2,0
67,3,0
67,4,0
67,5,1
67,6,0
67,7,1
67,8,0
67,9,6
67,10,1
67,11,0
67,12,0
67,13,1
67,14,2
67,15,0
67,16,1
67,17,4
67,18,1
67,19,0
67,20,1
67,21,0
67,22,1
67,23,5
67,24,0
67,25,0
67,26,0
67,27,1
67,28,1
67,29,2
67,30,1
67,31,3
67,32,0
67,33,0
67,34,1
67,35,2
67,36,1
67,37,0
67,38,1
67,39,3
67,40,0
67,41,1
67,42,0
67,43,0
67,44,0
67,45,0
67,46,0
67,47,1
67,48,1
67,49,4
68,0,1
68,1,1
68,2,0
68,3,1
68,4,0
68,5,1
68,6,1
68,7,1
68,8,0
68,9,5
68,10,1
68,11,0
68,12,0
68,13,1
68,14,2
68,15,0
68,16,1
68,17,4
68,18,1
68,19,0
68,20,1
68,21,0
68,22,1
68,23,5
68,24,1
68,25,0
68,26,0
68,27,0
68,28,0
68,29,1
68,30,1
68,31,2
68,32,0
68,33,0
68,34,1
68,35,3
68,36,1
68,37,0
68,38,2
68,39,3
68,40,0
68,41,1
68,42,0
68,43,0
68,44,0
68,45,0
68,46,0
68,47,1
68,48,1
68,49,4
69,0,1
69,1,1
69,2,0
69,3,1
69,4,0
69,5,1
69,6,2
69,7,1
69,8,1
69,9,5
69,10,1
69,11,0
69,12,0
69,13,1
69,14,2
69,15,1
69,16,2
69,17,3
69,18,1
69,19,0
69,20,0
69,21,0
69,22,0
69,23,5
69,24,1
69,25,0
69,26,0
69,27,0
69,28,0
69,29,1
69,30,1
69,31,2
69,32,0
69,33,0
69,34,0
69,35,3
69,36,1
69,37,0
69,38,1
69,39,3
69,40,1
69,41,1
69,42,1
69,43,0
69,44,0
69,45,0
69,46,0
69,47,1
69,48,1
69,49,3
70,0,1
70,1,1
70,2,0
70,3,0
70,4,0
70,5,2
70,6,2
70,7,2
70,8,1
70,9,4
70,10,1
70,11,0
70,12,0
70,13,1
70,14,2
70,15,0
70,16,2
70,17,3
70,18,0
70,19,0
70,20,0
70,21,0
70,22,0
70,23,4
70,24,1
70,25,0
70,26,0
70,27,0
70,28,0
70,29,1
70,30,1
70,31,2
70,32,0
70,33,1
70,34,0
70,35,4
70,36,0
70,37,0
70,38,2
70,39,3
70,40,1
70,41,1
70,42,1
70,43,0
70,44,0
70,45,0
70,46,0
70,47,1
70,48,1
70,49,4
71,0,1
71,1,1
71,2,0
71,3,0
71,4,0
71,5,1
71,6,2
71,7,2
71,8,1
71,9,3
71,10,2
71,11,1
71,12,0
71,13,1
71,14,2
71,15,0
71,16,2
71,17,4
71,18,0
71,19,0
71,20,0
71,21,0
71,22,0
71,23,4
71,24,1
71,25,0
71,26,0
71,27,0
71,28,0
71,29,1
71,30,1
71,31,2
71,32,0
71,33,0
71,34,0
71,35,4
71,36,0
71,37,0
71,38,2
71,39,3
71,40,1
71,41,1
71,42,1
71,43,0
71,44,0
71,45,0
71,46,0
71,47,1
71,48,1
71,49,4
72,0,1
72,1,1
72,2,0
72,3,0
72,4,0
72,5,1
72,6,2
72,7,2
72,8,1
72,9,3
72,10,2
72,11,0
72,12,0
72,13,0
72,14,1
72,15,0
72,16,2
72,17,4
72,18,0
72,19,0
72,20,1
72,21,0
72,22,0
72,23,4
72,24,1
72,25,0
72,26,0
72,27,1
72,28,0
72,29,1
72,30,1
72,31,2
72,32,0
72,33,0
72,34,0
72,35,3
72,36,0
72,37,0
72,38,2
72,39,3
72,40,1
72,41,1
72,42,1
72,43,0
72,44,1
72,45,0
72,46,0
72,47,2
72,48,1
72,49,4
73,0,1
73,1,1
73,2,1
73,3,0
73,4,0
73,5,1
73,6,2
73,7,3
73,8,1
73,9,2
73,10,2
73,11,0
73,12,0
73,13,0
73,14,1
73,15,0
73,16,2
73,17,4
73,18,0
73,19,0
73,20,1
73,21,0
73,22,1
73,23,4
73,24,1
73,25,0
73,26,1
73,27,1
73,28,0
73,29,1
73,30,0
73,31,2
73,32,0
73,33,0
73,34,0
73,35,2
73,36,0
73,37,0
73,38,1
73,39,4
73,40,2
73,41,1
73,42,1
73,43,0
73,44,1
73,45,0
73,46,0
73,47,1
73,48,1
73,49,3
74,0,1
74,1,0
74,2,1
74,3,0
74,4,0
74,5,1
74,6,2
74,7,3
74,8,1
74,9,3
74,10,2
74,11,0
74,12,0
74,13,0
74,14,2
74,15,0
74,16,2
74,17,3
74,18,0
74,19,0
74,20,2
74,21,0
74,22,0
74,23,4
74,24,1
74,25,0
74,26,1
74,27,1
74,28,0
74,29,1
74,30,0
74,31,2
74,32,0
74,33,0
74,34,0
74,35,2
74,36,0
74,37,0
74,38,1
74,39,4
74,40,2
74,41,1
74,42,1
74,43,0
74,44,1
74,45,0
74,46,0
74,47,1
74,48,1
74,49,3
75,0,0
75,1,0
75,2,1
75,3,0
75,4,0
75,5,1
75,6,2
75,7,3
75,8,0
75,9,3
75,10,2
75,11,2
75,12,0
75,13,0
75,14,2
75,15,1
75,16,2
75,17,3
75,18,0
75,19,0
75,20,2
75,21,0
75,22,0
75,23,4
75,24,2
75,25,0
75,26,1
75,27,1
75,28,0
75,29,1
75,30,0
75,31,1
75,32,0
75,33,0
75,34,0
75,35,1
75,36,0
75,37,0
75,38,1
75,39,4
75,40,2
75,41,1
75,42,1
75,43,0
75,44,1
75,45,0
75,46,1
75,47,0
75,48,0
75,49,4
76,0,0
76,1,0
76,2,1
76,3,0
76,4,0
76,5,1
76,6,2
76,7,3
76,8,0
76,9,4
76,10,2
76,11,2
76,12,0
76,13,0
76,14,2
76,15,1
76,16,2
76,17,3
76,18,0
76,19,0
76,20,2
76,21,0
76,22,0
76,23,4
76,24,1
76,25,0
76,26,1
76,27,1
76,28,1
76,29,1
76,30,0
76,31,1
76,32,1
76,33,0
76,34,0
76,35,1
76,36,0
76,37,0
76,38,1
76,39,3
76,40,1
76,41,1
76,42,1
76,43,0
76,44,1
76,45,0
76,46,1
76,47,0
76,48,0
76,49,4
77,0,0
77,1,0
77,2,1
77,3,1
77,4,0
77,5,2
77,6,1
77,7,3
77,8,0
77,9,4
77,10,1
77,11,3
77,12,0
77,13,0
77,14,2
77,15,2
77,16,3
77,17,4
77,18,0
77,19,0
77,20,2
77,21,0
77,22,0
77,23,4
77,24,2
77,25,0
77,26,1
77,27,1
77,28,0
77,29,0
77,30,0
77,31,1
77,32,2
77,33,0
77,34,0
77,35,0
77,36,0
77,37,0
77,38,1
77,39,2
77,40,1
77,41,1
77,42,0
77,43,0
77,44,1
77,45,0
77,46,0
77,47,0
77,48,0
77,49,4
78,0,0
78,1,1
78,2,2
78,3,3
78,4,0
78,5,2
78,6,1
78,7,2
78,8,0
78,9,3
78,10,0
78,11,3
78,12,0
78,13,0
78,14,3
78,15,1
78,16,3
78,17,3
78,18,0
78,19,0
78,20,2
78,21,0
78,22,0
78,23,4
78,24,2
78,25,0
78,26,1
78,27,1
78,28,0
78,29,1
78,30,0
78,31,1
78,32,1
78,33,0
78,34,0
78,35,0
78,36,0
78,37,0
78,38,1
78,39,2
78,40,1
78,41,1
78,42,0
78,43,0
78,44,1
78,45,0
78,46,0
78,47,0
78,48,0
78,49,4
79,0,0
79,1,1
79,2,2
79,3,3
79,4,0
79,5,2
79,6,0
79,7,2
79,8,0
79,9,2
79,10,0
79,11,3
79,12,0
79,13,0
79,14,2
79,15,0
79,16,3
79,17,3
79,18,0
79,19,0
79,20,2
79,21,0
79,22,0
79,23,4
79,24,2
79,25,0
79,26,1
79,27,3
79,28,1
79,29,1
79,30,0
79,31,1
79,32,0
79,33,0
79,34,0
79,35,0
79,36,0
79,37,0
79,38,1
79,39,3
79,40,0
79,41,1
79,42,1
79,43,0
79,44,0
79,45,1
79,46,1
79,47,0
79,48,0
79,49,4
80,0,0
80,1,1
80,2,2
80,3,2
80,4,0
80,5,2
80,6,0
80,7,2
80,8,2
80,9,2
80,10,0
80,11,3
80,12,0
80,13,0
80,14,3
80,15,1
80,16,3
80,17,4
80,18,0
80,19,0
80,20,2
80,21,0
80,22,0
80,23,3
80,24,1
80,25,0
80,26,1
80,27,3
80,28,2
80,29,1
80,30,0
80,31,1
80,32,0
80,33,0
80,34,0
80,35,0
80,36,0
80,37,0
80,38,1
80,39,3
80,40,0
80,41,0
80,42,1
80,43,0
80,44,0
80,45,0
80,46,1
80,47,0
80,48,0
80,49,3
81,0,0
81,1,1
81,2,2
81,3,2
81,4,0
81,5,2
81,6,0
81,7,1
81,8,1
81,9,2
81,10,0
81,11,3
81,12,0
81,13,0
81,14,4
81,15,1
81,16,6
81,17,4
81,18,0
81,19,0
81,20,2
81,21,0
81,22,1
81,23,3
81,24,0
81,25,0
81,26,1
81,27,3
81,28,2
81,29,0
81,30,0
81,31,1
81,32,0
81,33,0
81,34,1
81,35,0
81,36,0
81,37,0
81,38,0
81,39,3
81,40,0
81,41,0
81,42,1
81,43,0
81,44,0
81,45,0
81,46,1
81,47,0
81,48,0
81,49,2
82,0,0
82,1,1
82,2,2
82,3,2
82,4,0
82,5,2
82,6,0
82,7,1
82,8,1
82,9,1
82,10,0
82,11,3
82,12,0
82,13,0
82,14,4
82,15,1
82,16,5
82,17,3
82,18,0
82,19,0
82,20,2
82,21,0
82,22,1
82,23,2
82,24,0
82,25,0
82,26,1
82,27,3
82,28,2
82,29,1
82,30,0
82,31,1
82,32,0
82,33,0
82,34,0
82,35,0
82,36,0
82,37,0
82,38,0
82,39,3
82,40,1
82,41,0
82,42,1
82,43,0
82,44,1
82,45,0
82,46,1
82,47,1
82,48,1
82,49,2
83,0,0
83,1,0
83,2,3
83,3,1
83,4,0
83,5,2
83,6,0
83,7,1
83,8,1
83,9,1
83,10,0
83,11,3
83,12,0
83,13,0
83,14,3
83,15,0
83,16,6
83,17,5
83,18,0
83,19,0
83,20,2
83,21,0
83,22,1
83,23,3
83,24,0
83,25,0
83,26,1
83,27,3
83,28,1
83,29,1
83,30,0
83,31,1
83,32,2
83,33,0
83,34,1
83,35,1
83,36,0
83,37,0
83,38,0
83,39,3
83,40,0
83,41,0
83,42,0
83,43,0
83,44,1
83,45,0
83,46,1
83,47,0
83,48,0
83,49,2
84,0,1
84,1,0
84,2,2
84,3,1
84,4,0
84,5,2
84,6,0
84,7,1
84,8,1
84,9,1
84,10,0
84,11,4
84,12,0
84,13,0
84,14,3
84,15,0
84,16,6
84,17,5
84,18,0
84,19,0
84,20,1
84,21,1
84,22,0
84,23,3
84,24,0
84,25,0
84,26,1
84,27,2
84,28,1
84,29,1
84,30,0
84,31,1
84,32,2
84,33,0
84,34,0
84,35,1
84,36,0
84,37,0
84,38,0
84,39,4
84,40,0
84,41,0
84,42,0
84,43,0
84,44,1
84,45,0
84,46,1
84,47,0
84,48,0
84,49,3
85,0,1
85,1,0
85,2,2
85,3,1
85,4,0
85,5,2
85,6,0
85,7,0
85,8,0
85,9,0
85,10,0
85,11,3
85,12,0
85,13,1
85,14,3
85,15,0
85,16,6
85,17,5
85,18,0
85,19,0
85,20,2
85,21,0
85,22,0
85,23,3
85,24,0
85,25,0
85,26,1
85,27,2
85,28,1
85,29,1
85,30,0
85,31,1
85,32,2
85,33,1
85,34,0
85,35,1
85,36,0
85,37,0
85,38,0
85,39,4
85,40,0
85,41,1
85,42,0
85,43,0
85,44,1
85,45,0
85,46,1
85,47,1
85,48,0
85,49,3
86,0,1
86,1,1
86,2,1
86,3,0
86,4,0
86,5,2
86,6,0
86,7,0
86,8,1
86,9,0
86,10,0
86,11,3
86,12,0
86,13,0
86,14,3
86,15,0
86,16,5
86,17,5
86,18,0
86,19,1
86,20,2
86,21,0
86,22,0
86,23,4
86,24,0
86,25,1
86,26,0
86,27,2
86,28,1
86,29,1
86,30,1
86,31,0
86,32,2
86,33,1
86,34,0
86,35,1
86,36,1
86,37,0
86,38,0
86,39,4
86,40,0
86,41,1
86,42,0
86,43,0
86,44,1
86,45,0
86,46,2
86,47,0
86,48,0
86,49,2
87,0,0
87,1,1
87,2,1
87,3,0
87,4,0
87,5,2
87,6,0
87,7,1
87,8,1
87,9,0
87,10,1
87,11,3
87,12,0
87,13,0
87,14,4
87,15,0
87,16,5
87,17,5
87,18,0
87,19,1
87,20,2
87,21,0
87,22,0
87,23,4
87,24,0
87,25,1
87,26,0
87,27,2
87,28,1
87,29,0
87,30,0
87,31,0
87,32,2
87,33,1
87,34,0
87,35,1
87,36,1
87,37,0
87,38,0
87,39,4
87,40,0
87,41,1
87,42,0
87,43,2
87,44,1
87,45,0
87,46,1
87,47,0
87,48,0
87,49,1
88,0,0
88,1,1
88,2,1
88,3,0
88,4,0
88,5,2
88,6,0
88,7,2
88,8,1
88,9,0
88,10,0
88,11,3
88,12,0
88,13,0
88,14,4
88,15,0
88,16,5
88,17,4
88,18,0
88,19,1
88,20,2
88,21,0
88,22,0
88,23,4
88,24,0
88,25,0
88,26,0
88,27,2
88,28,0
88,29,0
88,30,0
88,31,0
88,32,4
88,33,0
88,34,0
88,35,1
88,36,1
88,37,0
88,38,0
88,39,4
88,40,1
88,41,1
88,42,0
88,43,2
88,44,1
88,45,0
88,46,1
88,47,1
88,48,0
88,49,1
89,0,0
89,1,1
89,2,1
89,3,0
89,4,0
89,5,2
89,6,0
89,7,2
89,8,1
89,9,0
89,10,0
89,11,3
89,12,1
89,13,0
89,14,3
89,15,0
89,16,5
89,17,5
89,18,0
89,19,2
89,20,2
89,21,0
89,22,0
89,23,4
89,24,0
89,25,0
89,26,0
89,27,2
89,28,0
89,29,0
89,30,0
89,31,0
89,32,4
89,33,0
89,34,0
89,35,0
89,36,0
89,37,0
89,38,0
89,39,4
89,40,1
89,41,1
89,42,0
89,43,2
89,44,1
89,45,0
89,46,1
89,47,1
89,48,0
89,49,1
90,0,1
90,1,1
90,2,0
90,3,0
90,4,0
90,5,1
90,6,0
90,7,2
90,8,1
90,9,0
90,10,0
90,11,2
90,12,1
90,13,0
90,14,3
90,15,0
90,16,4
90,17,6
90,18,0
90,19,1
90,20,2
90,21,0
90,22,0
90,23,4
90,24,0
90,25,1
90,26,0
90,27,3
90,28,0
90,29,1
90,30,1
90,31,0
90,32,5
90,33,0
90,34,0
90,35,0
90,36,0
90,37,0
90,38,1
90,39,4
90,40,1
90,41,0
90,42,0
90,43,2
90,44,1
90,45,0
90,46,1
90,47,0
90,48,0
90,49,0
91,0,0
91,1,1
91,2,1
91,3,0
91,4,0
91,5,1
91,6,0
91,7,2
91,8,1
91,9,0
91,10,0
91,11,1
91,12,1
91,13,0
91,14,3
91,15,0
91,16,4
91,17,6
91,18,0
91,19,1
91,20,2
91,21,0
91,22,0
91,23,4
91,24,0
91,25,1
91,26,1
91,27,3
91,28,0
91,29,0
91,30,1
91,31,1
91,32,4
91,33,0
91,34,1
91,35,0
91,36,0
91,37,0
91,38,1
91,39,4
91,40,1
91,41,0
91,42,0
91,43,2
91,44,1
91,45,0
91,46,1
91,47,0
91,48,0
91,49,0
92,0,0
92,1,1
92,2,0
92,3,0
92,4,0
92,5,1
92,6,0
92,7,2
92,8,0
92,9,0
92,10,0
92,11,2
92,12,1
92,13,0
92,14,3
92,15,0
92,16,4
92,17,6
92,18,0
92,19,1
92,20,2
92,21,0
92,22,1
92,23,4
92,24,0
92,25,2
92,26,1
92,27,3
92,28,0
92,29,0
92,30,1
92,31,0
92,32,3
92,33,0
92,34,1
92,35,0
92,36,0
92,37,0
92,38,1
92,39,4
92,40,1
92,41,1
92,42,0
92,43,2
92,44,2
92,45,0
92,46,0
92,47,0
92,48,0
92,49,0
93,0,0
93,1,1
93,2,1
93,3,0
93,4,0
93,5,1
93,6,0
93,7,2
93,8,0
93,9,1
93,10,0
93,11,2
93,12,1
93,13,0
93,14,3
93,15,0
93,16,4
93,17,6
93,18,0
93,19,1
93,20,1
93,21,2
93,22,0
93,23,3
93,24,0
93,25,1
93,26,0
93,27,3
93,28,0
93,29,0
93,30,2
93,31,0
93,32,3
93,33,0
93,34,0
93,35,0
93,36,0
93,37,0
93,38,1
93,39,4
93,40,1
93,41,2
93,42,0
93,43,2
93,44,2
93,45,0
93,46,0
93,47,0
93,48,0
93,49,0
94,0,0
94,1,1
94,2,1
94,3,0
94,4,0
94,5,0
94,6,0
94,7,2
94,8,0
94,9,1
94,10,0
94,11,2
94,12,1
94,13,0
94,14,3
94,15,1
94,16,4
94,17,6
94,18,0
94,19,0
94,20,1
94,21,2
94,22,0
94,23,3
94,24,0
94,25,1
94,26,0
94,27,3
94,28,0
94,29,0
94,30,1
94,31,0
94,32,3
94,33,0
94,34,1
94,35,0
94,36,1
94,37,0
94,38,1
94,39,4
94,40,1
94,41,1
94,42,0
94,43,2
94,44,2
94,45,0
94,46,0
94,47,0
94,48,0
94,49,1
95,0,0
95,1,1
95,2,0
95,3,0
95,4,0
95,5,0
95,6,0
95,7,2
95,8,0
95,9,2
95,10,0
95,11,2
95,12,1
95,13,0
95,14,3
95,15,2
95,16,4
95,17,6
95,18,0
95,19,0
95,20,1
95,21,2
95,22,0
95,23,3
95,24,0
95,25,1
95,26,0
95,27,3
95,28,0
95,29,0
95,30,1
95,31,0
95,32,2
95,33,0
95,34,1
95,35,0
95,36,1
95,37,0
95,38,1
95,39,4
95,40,1
95,41,1
95,42,0
95,43,2
95,44,2
95,45,0
95,46,0
95,47,0
95,48,0
95,49,1
96,0,0
96,1,1
96,2,0
96,3,0
96,4,0
96,5,0
96,6,0
96,7,2
96,8,0
96,9,1
96,10,0
96,11,2
96,12,1
96,13,0
96,14,3
96,15,2
96,16,4
96,17,6
96,18,0
96,19,0
96,20,1
96,21,2
96,22,0
96,23,3
96,24,0
96,25,1
96,26,0
96,27,3
96,28,0
96,29,0
96,30,1
96,31,0
96,32,1
96,33,0
96,34,1
96,35,0
96,36,2
96,37,1
96,38,1
96,39,3
96,40,1
96,41,1
96,42,1
96,43,2
96,44,2
96,45,0
96,46,0
96,47,0
96,48,0
96,49,1
97,0,0
97,1,1
97,2,0
97,3,0
97,4,0
97,5,0
97,6,0
97,7,2
97,8,0
97,9,1
97,10,0
97,11,2
97,12,1
97,13,0
97,14,3
97,15,2
97,16,4
97,17,5
97,18,0
97,19,0
97,20,1
97,21,1
97,22,0
97,23,3
97,24,0
97,25,1
97,26,0
97,27,3
97,28,0
97,29,0
97,30,1
97,31,0
97,32,0
97,33,0
97,34,2
97,35,1
97,36,3
97,37,1
97,38,1
97,39,3
97,40,1
97,41,1
97,42,0
97,43,2
97,44,2
97,45,0
97,46,0
97,47,0
97,48,1
97,49,1
98,0,1
98,1,1
98,2,0
98,3,0
98,4,0
98,5,0
98,6,0
98,7,2
98,8,0
98,9,1
98,10,0
98,11,2
98,12,2
98,13,0
98,14,3
98,15,2
98,16,4
98,17,5
98,18,0
98,19,0
98,20,1
98,21,1
98,22,0
98,23,2
98,24,0
98,25,1
98,26,0
98,27,2
98,28,0
98,29,0
98,30,1
98,31,0
98,32,0
98,33,0
98,34,2
98,35,0
98,36,4
98,37,1
98,38,2
98,39,2
98,40,1
98,41,1
98,42,0
98,43,2
98,44,2
98,45,0
98,46,0
98,47,0
98,48,1
98,49,1
99,0,2
99,1,0
99,2,0
99,3,0
99,4,0
99,5,0
99,6,0
99,7,1
99,8,0
99,9,1
99,10,1
99,11,3
99,12,3
99,13,0
99,14,3
99,15,2
99,16,4
99,17,5
99,18,2
99,19,0
99,20,0
99,21,1
99,22,0
99,23,2
99,24,0
99,25,1
99,26,0
99,27,1
99,28,0
99,29,0
99,30,1
99,31,0
99,32,1
99,33,0
99,34,1
99,35,0
99,36,4
99,37,1
99,38,2
99,39,2
99,40,0
99,41,0
99,42,0
99,43,1
99,44,2
99,45,0
99,46,1
99,47,0
99,48,0
99,49,2
